,total,total,total,children,children,children,working,working,working,elderly,elderly,elderly,p_children,p_children,p_children,p_working,p_working,p_working,p_elderly_60plus,p_elderly_60plus,p_elderly_60plus,dependency_ratio,dependency_ratio,dependency_ratio
,mean,median,std,mean,median,std,mean,median,std,mean,median,std,mean,median,std,mean,median,std,mean,median,std,mean,median,std
district,,,,,,,,,,,,,,,,,,,,,,,,
Badulla,1438.1040564373898,1307.0,770.2761067776689,386.3174603174603,345.0,216.45950035816261,883.4603174603175,799.0,478.148913142996,168.326278659612,153.0,90.59710288006696,26.623950699913152,26.472838561591434,2.7782631884685567,61.38912969858821,61.280931586608446,2.850459898533462,11.986919601498643,12.067578439259854,2.488294979679007,63.24710732662099,63.18289786223278,7.614243939197611
Monaragala,1415.7129337539432,1179.0,878.7191319766567,378.58359621451103,319.0,234.69798148870905,906.4858044164038,748.0,571.4467293746966,130.6435331230284,107.0,80.49126690664666,26.680952788401843,26.498889711324946,2.164491893221465,63.867704101544504,63.87064173825164,2.4125430810698756,9.451343110053651,9.378663540445487,1.9943154806306025,56.79971256205438,56.56645569620253,6.015382984151417
